행정기관코드,시도_시군구_읍면동명,계,남자,여자,유아,초등학생,중학생,고등학생,20대,30대,40대,50대,노인
48121250,경상남도 창원시 의창구 동읍,18654,9539,9115,463,814,493,496,1800,1562,2398,4031,6597
48121310,경상남도 창원시 의창구 북면,43128,21637,21491,3759,4073,1419,901,2805,6255,8457,6037,9422
48121320,경상남도 창원시 의창구 대산면,6726,3404,3322,126,160,106,103,434,528,679,1184,3406
48121510,경상남도 창원시 의창구 의창동,49012,24666,24346,2531,2893,1391,1256,5398,6263,7642,9423,12215
48121520,경상남도 창원시 의창구 팔룡동,25343,12910,12433,1266,1283,746,755,3391,3517,3956,5250,5179
48121530,경상남도 창원시 의창구 명곡동,39090,19780,19310,1297,1736,1060,1007,4817,4230,5257,8511,11175
48121540,경상남도 창원시 의창구 봉림동,29806,15751,14055,738,979,575,677,4981,3650,3667,5495,9044
48123510,경상남도 창원시 성산구 반송동,39464,19882,19582,1732,2754,1513,1370,4465,4188,6479,7940,9023
48123515,경상남도 창원시 성산구 용지동,26626,13412,13214,1264,1471,759,684,3367,3711,3983,5180,6207
48123520,경상남도 창원시 성산구 중앙동,35045,19110,15935,1562,1404,689,710,5881,6368,5159,6405,6867
48123530,경상남도 창원시 성산구 상남동,26586,13253,13333,1093,1646,971,915,3272,3343,4096,5602,5648
48123540,경상남도 창원시 성산구 사파동,45192,22425,22767,2048,2427,1307,1321,5424,6863,6784,8977,10041
48123550,경상남도 창원시 성산구 가음정동,37822,19082,18740,2146,2226,1060,1037,4590,5672,5611,7594,7886
48123560,경상남도 창원시 성산구 성주동,25539,13267,12272,1382,1599,810,829,3094,3259,3854,5727,4985
48123570,경상남도 창원시 성산구 웅남동,7222,3843,3379,206,324,198,188,883,828,1030,1325,2240
48125310,경상남도 창원시 마산합포구 구산면,3958,2043,1915,50,74,36,47,197,223,358,597,2376
48125320,경상남도 창원시 마산합포구 진동면,11676,5999,5677,522,736,312,283,832,1059,1933,1895,4104
48125330,경상남도 창원시 마산합포구 진북면,3142,1666,1476,24,44,34,40,170,134,246,555,1895
48125340,경상남도 창원시 마산합포구 진전면,3672,1836,1836,28,43,36,38,137,161,237,572,2420
48125510,경상남도 창원시 마산합포구 현동,13618,6748,6870,1080,1399,415,275,828,1683,2834,1853,3251
48125520,경상남도 창원시 마산합포구 가포동,4196,2128,2068,239,137,57,79,574,897,592,657,964
48125530,경상남도 창원시 마산합포구 월영동,41347,20509,20838,2865,2967,1228,1062,4440,5295,6845,6618,10027
48125540,경상남도 창원시 마산합포구 문화동,10941,5481,5460,220,383,199,247,1807,974,1276,1716,4119
48125565,경상남도 창원시 마산합포구 반월중앙동,13362,6442,6920,353,671,396,357,1201,1148,1925,2314,4997
48125570,경상남도 창원시 마산합포구 완월동,8523,4118,4405,156,343,202,193,857,725,1025,1596,3426
48125580,경상남도 창원시 마산합포구 자산동,9213,4484,4729,170,366,237,246,871,706,1158,1652,3807
48125610,경상남도 창원시 마산합포구 교방동,19030,9420,9610,1266,1070,488,441,1559,2790,2996,2754,5666
48125630,경상남도 창원시 마산합포구 오동동,18331,9067,9264,468,696,325,301,1612,1846,2715,3085,7283
48125640,경상남도 창원시 마산합포구 합포동,6672,3345,3327,250,266,110,114,483,757,988,1107,2597
48125650,경상남도 창원시 마산합포구 산호동,11568,5743,5825,334,519,252,258,1123,1194,1674,1996,4218
48127250,경상남도 창원시 마산회원구 내서읍,60049,30098,29951,2129,3855,2218,2160,6762,5329,9664,12535,15397
48127510,경상남도 창원시 마산회원구 회원1동,9683,4722,4961,161,320,192,178,719,729,1229,1572,4583
48127520,경상남도 창원시 마산회원구 회원2동,9673,4753,4920,463,448,236,211,839,1249,1350,1436,3441
48127545,경상남도 창원시 마산회원구 석전동,16079,7973,8106,660,692,351,349,1418,1910,2264,2622,5813
48127550,경상남도 창원시 마산회원구 회성동,5341,2691,2650,74,110,82,89,391,428,587,912,2668
48127560,경상남도 창원시 마산회원구 양덕1동,10499,5232,5267,269,436,254,211,1016,1084,1484,1788,3957
48127570,경상남도 창원시 마산회원구 양덕2동,32477,16008,16469,2115,2336,1097,1000,2893,4050,5747,5366,7873
48127580,경상남도 창원시 마산회원구 합성1동,8769,4417,4352,397,368,158,163,864,1076,1231,1499,3013
48127590,경상남도 창원시 마산회원구 합성2동,7045,3509,3536,114,213,114,132,771,643,899,1243,2916
48127600,경상남도 창원시 마산회원구 구암1동,8359,4177,4182,163,334,178,189,718,743,1032,1538,3464
48127610,경상남도 창원시 마산회원구 구암2동,8907,4462,4445,264,350,197,223,1025,952,1251,1582,3063
48127620,경상남도 창원시 마산회원구 봉암동,2914,1626,1288,60,82,53,58,236,299,452,551,1123
48129530,경상남도 창원시 진해구 충무동,15773,8159,7614,686,947,521,460,1964,1836,2510,2238,4611
48129540,경상남도 창원시 진해구 여좌동,7936,3935,4001,129,264,162,189,700,605,956,1323,3608
48129550,경상남도 창원시 진해구 태백동,3539,1764,1775,90,115,71,63,326,258,414,583,1619
48129560,경상남도 창원시 진해구 경화동,10587,5340,5247,516,551,297,290,977,1061,1644,1839,3412
48129570,경상남도 창원시 진해구 병암동,6993,3452,3541,226,409,219,199,653,640,1043,1206,2398
48129580,경상남도 창원시 진해구 석동,17186,8849,8337,659,1213,758,684,2126,1873,3071,3118,3684
48129590,경상남도 창원시 진해구 이동,8371,4454,3917,164,252,160,148,1009,915,1161,1401,3161
48129600,경상남도 창원시 진해구 자은동,20302,10144,10158,1097,1596,669,574,1909,2348,3704,3553,4852
48129610,경상남도 창원시 진해구 덕산동,9414,4652,4762,500,645,344,295,1038,1054,1572,1384,2582
48129620,경상남도 창원시 진해구 풍호동,24950,12446,12504,1727,2391,1127,856,1927,2764,5161,3644,5353
48129630,경상남도 창원시 진해구 웅천동,13479,6782,6697,1250,1056,339,236,1050,2243,2431,1940,2934
48129640,경상남도 창원시 진해구 웅동1동,7694,3930,3764,309,366,198,242,739,835,1199,1460,2346
48129650,경상남도 창원시 진해구 웅동2동,43579,23729,19850,2619,3334,1733,1440,4268,5811,9721,7620,7033
48170250,경상남도 진주시 문산읍,7812,3914,3898,367,435,187,169,590,773,979,1264,3048
48170310,경상남도 진주시 내동면,3946,1962,1984,171,251,136,112,392,335,543,744,1262
48170320,경상남도 진주시 정촌면,8830,4497,4333,827,466,165,127,787,1734,1252,1277,2195
48170330,경상남도 진주시 금곡면,2058,1004,1054,24,28,37,27,96,104,146,335,1261
48170350,경상남도 진주시 진성면,1798,905,893,27,30,8,16,78,105,115,303,1116
48170360,경상남도 진주시 일반성면,2432,1202,1230,50,73,55,46,136,147,227,454,1244
48170370,경상남도 진주시 이반성면,1508,765,743,7,18,3,12,55,57,85,208,1063
48170380,경상남도 진주시 사봉면,1422,691,731,10,26,17,14,47,53,109,208,938
48170390,경상남도 진주시 지수면,1344,674,670,17,27,22,14,82,52,102,224,804
48170400,경상남도 진주시 대곡면,2958,1479,1479,26,38,32,24,141,120,210,484,1883
48170410,경상남도 진주시 금산면,20273,10116,10157,1107,1551,759,746,2117,2087,3240,3577,5089
48170420,경상남도 진주시 집현면,4394,2226,2168,108,181,117,107,306,314,497,872,1892
48170430,경상남도 진주시 미천면,1510,770,740,11,19,13,11,54,55,79,244,1024
48170440,경상남도 진주시 명석면,3758,1847,1911,57,85,46,43,225,211,301,697,2093
48170450,경상남도 진주시 대평면,971,463,508,11,27,11,9,54,45,75,155,584
48170460,경상남도 진주시 수곡면,2120,1049,1071,21,40,29,28,114,84,138,375,1291
48170515,경상남도 진주시 천전동,27405,13558,13847,848,1154,649,759,4317,2774,3354,4692,8858
48170555,경상남도 진주시 성북동,9755,4823,4932,226,304,213,184,1129,1051,1335,1657,3656
48170565,경상남도 진주시 중앙동,10472,5022,5450,199,260,175,182,903,871,1074,1696,5112
48170595,경상남도 진주시 상봉동,13095,6452,6643,252,439,297,296,1507,1113,1536,2466,5189
48170673,경상남도 진주시 상대동,18611,9153,9458,494,723,425,457,2456,2051,2281,3430,6294
48170678,경상남도 진주시 하대동,23301,11652,11649,688,1017,656,684,3081,2564,2937,4800,6874
48170680,경상남도 진주시 상평동,10942,5532,5410,412,522,312,278,1271,1247,1554,1895,3451
48170695,경상남도 진주시 초장동,25983,13076,12907,1837,2466,1259,1068,2831,3102,5047,4495,3878
48170710,경상남도 진주시 평거동,26104,12398,13706,1077,1574,926,960,3488,2832,3955,5154,6138
48170715,경상남도 진주시 신안동,11182,5279,5903,350,506,293,309,1352,1094,1403,1930,3945
48170720,경상남도 진주시 이현동,10603,5246,5357,287,533,324,332,1132,895,1440,2068,3592
48170730,경상남도 진주시 판문동,20417,9703,10714,1192,1870,955,729,2053,2053,3823,3519,4223
48170740,경상남도 진주시 가호동,30672,15562,15110,1884,1551,740,1120,6552,4621,4274,4498,5432
48170750,경상남도 진주시 충무공동,34031,16750,17281,3708,3779,1467,896,2956,6349,7457,4176,3243
48220250,경상남도 통영시 산양읍,4308,2283,2025,46,110,64,44,201,225,471,836,2311
48220310,경상남도 통영시 용남면,11790,5863,5927,488,916,452,378,861,954,2053,2253,3435
48220330,경상남도 통영시 도산면,2673,1375,1298,24,44,34,28,107,124,190,465,1657
48220340,경상남도 통영시 광도면,30606,15546,15060,1788,2831,1411,1028,2490,3346,6590,5146,5976
48220350,경상남도 통영시 욕지면,1906,1099,807,17,33,32,17,99,69,206,419,1014
48220360,경상남도 통영시 한산면,1876,979,897,9,15,18,14,53,71,135,320,1241
48220370,경상남도 통영시 사량면,1366,690,676,7,11,7,11,35,45,88,256,906
48220510,경상남도 통영시 도천동,8256,4123,4133,157,331,211,231,784,507,1043,1510,3482
48220530,경상남도 통영시 명정동,2568,1250,1318,35,63,48,32,148,117,251,439,1435
48220550,경상남도 통영시 중앙동,3470,1714,1756,49,97,45,63,183,201,377,631,1824
48220590,경상남도 통영시 정량동,8070,4074,3996,180,341,177,158,487,551,1094,1605,3477
48220600,경상남도 통영시 북신동,9904,4695,5209,386,479,302,263,726,809,1388,1602,3949
48220665,경상남도 통영시 미수동,10280,5019,5261,287,674,415,347,806,747,1621,1971,3412
48220670,경상남도 통영시 봉평동,9292,4730,4562,179,413,259,222,694,735,1223,1787,3780
48220700,경상남도 통영시 무전동,13069,6509,6560,488,788,494,437,1342,1267,2288,2494,3471
48240250,경상남도 사천시 사천읍,17362,9234,8128,730,913,520,513,2070,2036,2887,3257,4436
48240310,경상남도 사천시 정동면,13683,6868,6815,858,963,523,454,1312,1811,2408,2406,2948
48240320,경상남도 사천시 사남면,17329,9019,8310,1187,1484,739,579,1809,2360,3387,2578,3206
48240330,경상남도 사천시 용현면,7066,3542,3524,246,450,223,141,404,561,1146,1162,2733
48240340,경상남도 사천시 축동면,1481,778,703,30,26,10,16,64,87,116,243,889
48240350,경상남도 사천시 곤양면,3147,1623,1524,35,69,50,42,157,136,243,523,1892
48240360,경상남도 사천시 곤명면,2654,1350,1304,34,43,22,22,112,107,200,457,1657
48240370,경상남도 사천시 서포면,3345,1644,1701,36,54,44,36,156,147,251,607,2014
48240510,경상남도 사천시 동서동,5377,2582,2795,74,137,62,66,285,248,535,879,3091
48240520,경상남도 사천시 선구동,4712,2311,2401,96,135,83,68,379,347,548,886,2170
48240530,경상남도 사천시 동서금동,6075,2925,3150,269,322,156,132,426,518,879,1050,2323
48240550,경상남도 사천시 벌용동,14827,7196,7631,459,816,517,443,1302,1163,2214,2947,4966
48240570,경상남도 사천시 향촌동,6727,3565,3162,195,280,180,169,710,488,959,1309,2437
48240595,경상남도 사천시 남양동,4904,2413,2491,131,198,110,108,323,318,561,848,2307
48240890,경상남도 사천시 신수출장소,234,119,115,0,5,1,3,5,7,18,40,155
48250250,경상남도 김해시 진영읍,54267,27932,26335,3392,4369,2003,1624,4425,6598,10885,9180,11791
48250320,경상남도 김해시 주촌면,19788,10134,9654,2190,1608,392,349,1700,3919,3629,2950,3051
48250330,경상남도 김해시 진례면,5877,3200,2677,81,140,101,76,406,413,611,1212,2837
48250340,경상남도 김해시 한림면,6662,3645,3017,69,125,83,69,350,468,556,1226,3716
48250350,경상남도 김해시 생림면,3518,1870,1648,42,46,22,30,181,210,259,664,2064
48250360,경상남도 김해시 상동면,2972,1640,1332,28,62,31,34,175,216,268,580,1578
48250370,경상남도 김해시 대동면,5212,2692,2520,42,111,64,47,238,297,432,829,3152
48250510,경상남도 김해시 동상동,8897,4576,4321,297,321,155,174,985,1075,1116,1747,3027
48250520,경상남도 김해시 회현동,8321,4170,4151,368,325,127,146,784,1019,1015,1499,3038
48250530,경상남도 김해시 부원동,9119,4656,4463,352,294,142,187,1020,1065,1142,1925,2992
48250540,경상남도 김해시 내외동,70477,35100,35377,2627,3413,2040,2090,9652,8697,9789,15840,16329
48250550,경상남도 김해시 북부동,81812,40844,40968,4230,5719,3128,3035,9755,9431,14094,16687,15733
48250565,경상남도 김해시 칠산서부동,9021,4789,4232,239,345,195,190,948,851,1168,1856,3229
48250580,경상남도 김해시 활천동,37291,18994,18297,1189,1847,998,1048,4509,4046,5140,8163,10351
48250590,경상남도 김해시 삼안동,33414,17206,16208,957,1248,766,913,5051,3639,4030,7367,9443
48250600,경상남도 김해시 불암동,6786,3460,3326,214,371,183,197,764,650,911,1405,2091
48250610,경상남도 김해시 장유1동,57529,28640,28889,3204,4029,2443,2300,6433,6893,10814,11439,9974
48250620,경상남도 김해시 장유2동,37757,19108,18649,1895,2702,1518,1518,4569,4274,7328,7694,6259
48250630,경상남도 김해시 장유3동,73599,36484,37115,5782,8096,3677,2903,6432,9619,17253,11119,8718
48270250,경상남도 밀양시 삼랑진읍,4985,2492,2493,60,106,63,78,233,242,438,822,2943
48270251,경상남도 밀양시 삼랑진임천출장소,1260,641,619,8,12,16,30,117,80,94,163,740
48270253,경상남도 밀양시 하남읍,6682,3356,3326,129,179,101,122,347,352,679,1141,3632
48270310,경상남도 밀양시 부북면,5178,2712,2466,69,105,53,73,322,285,444,874,2953
48270320,경상남도 밀양시 상동면,3078,1473,1605,34,38,32,27,102,140,170,459,2076
48270330,경상남도 밀양시 산외면,2766,1417,1349,35,45,38,31,113,120,214,483,1687
48270340,경상남도 밀양시 산내면,3724,1913,1811,38,65,56,41,149,126,267,667,2315
48270350,경상남도 밀양시 단장면,4278,2121,2157,40,51,34,42,162,218,293,714,2724
48270360,경상남도 밀양시 상남면,7763,3891,3872,213,288,143,114,457,490,898,1320,3840
48270370,경상남도 밀양시 초동면,3291,1650,1641,20,59,29,33,118,134,245,548,2105
48270380,경상남도 밀양시 무안면,4707,2366,2341,44,84,131,110,196,214,322,698,2908
48270390,경상남도 밀양시 청도면,1710,850,860,14,19,10,9,66,46,98,227,1221
48270510,경상남도 밀양시 내일동,2549,1252,1297,38,52,37,58,161,178,244,435,1346
48270520,경상남도 밀양시 내이동,17305,8636,8669,1014,938,460,425,1765,2364,2617,3032,4690
48270530,경상남도 밀양시 삼문동,19264,9230,10034,943,1425,777,656,1828,1653,3196,3440,5346
48270540,경상남도 밀양시 가곡동,7462,3505,3957,188,270,154,174,662,621,894,1285,3214
48270550,경상남도 밀양시 교동,5358,2588,2770,168,221,158,119,520,473,673,1057,1969
48310310,경상남도 거제시 일운면,7894,4023,3871,274,361,190,194,536,613,1151,1649,2926
48310320,경상남도 거제시 동부면,2887,1509,1378,27,70,42,27,139,147,266,554,1615
48310330,경상남도 거제시 남부면,1475,743,732,6,24,18,17,51,64,102,297,896
48310340,경상남도 거제시 거제면,6938,3444,3494,181,300,181,158,427,431,851,1278,3131
48310350,경상남도 거제시 둔덕면,2671,1375,1296,28,49,30,28,162,122,221,472,1559
48310360,경상남도 거제시 사등면,10985,5706,5279,556,892,367,245,660,1060,2108,1931,3166
48310366,경상남도 거제시 사등면가조출장소,1050,536,514,10,29,14,12,46,56,95,192,596
48310370,경상남도 거제시 연초면,8233,4535,3698,201,400,211,183,629,685,1304,1798,2822
48310380,경상남도 거제시 하청면,3184,1663,1521,51,127,66,68,198,179,371,593,1531
48310385,경상남도 거제시 하청면칠천출장소,1026,532,494,7,20,4,9,29,44,95,184,634
48310390,경상남도 거제시 장목면,2845,1459,1386,31,42,20,27,138,137,255,542,1653
48310395,경상남도 거제시 장목면외포출장소,1293,657,636,19,28,11,20,57,69,130,256,703
48310510,경상남도 거제시 장승포동,5344,2929,2415,104,290,165,157,546,419,880,1152,1631
48310530,경상남도 거제시 능포동,8582,4673,3909,199,376,265,228,721,638,1284,1950,2921
48310540,경상남도 거제시 아주동,25301,13667,11634,2021,2870,1149,857,2049,3700,6422,3693,2540
48310550,경상남도 거제시 옥포1동,6911,3685,3226,263,387,192,190,681,762,1276,1440,1720
48310560,경상남도 거제시 옥포2동,24304,12749,11555,999,1735,872,741,2170,2475,4581,5001,5730
48310570,경상남도 거제시 장평동,20070,11332,8738,867,1096,628,594,2338,2676,3969,4569,3333
48310580,경상남도 거제시 고현동,36143,18449,17694,1928,2733,1349,1246,3544,4420,6949,6898,7076
48310590,경상남도 거제시 상문동,33517,16936,16581,2726,3901,1661,1213,2645,4422,7998,5404,3547
48310600,경상남도 거제시 수양동,22369,11399,10970,1443,2704,1194,926,1860,2217,5343,3962,2720
48330253,경상남도 양산시 물금읍,118769,58642,60127,8880,10254,4270,3443,11964,17417,23376,18004,21161
48330310,경상남도 양산시 동면,49493,24984,24509,4425,3616,1200,925,3921,8671,9546,7015,10174
48330320,경상남도 양산시 원동면,3218,1654,1564,44,75,30,22,107,160,223,463,2094
48330330,경상남도 양산시 상북면,11758,6001,5757,225,361,205,229,873,881,1282,2357,5345
48330340,경상남도 양산시 하북면,7732,4019,3713,66,153,112,226,573,490,725,1605,3782
48330510,경상남도 양산시 중앙동,10627,5628,4999,219,278,152,156,1046,1077,1288,2123,4288
48330515,경상남도 양산시 양주동,30747,14795,15952,1054,1824,1102,1216,3760,2805,4740,6482,7764
48330520,경상남도 양산시 삼성동,20375,10783,9592,713,867,464,436,2268,2591,3085,4164,5787
48330530,경상남도 양산시 강서동,8452,4214,4238,289,477,299,294,907,801,1463,1626,2296
48330540,경상남도 양산시 서창동,27131,14141,12990,1095,1720,1049,867,2683,2600,4821,5352,6944
48330550,경상남도 양산시 소주동,20198,10065,10133,744,999,518,480,1805,1984,3208,4079,6381
48330560,경상남도 양산시 평산동,29148,14174,14974,1064,1759,932,857,2634,2428,4703,5439,9332
48330570,경상남도 양산시 덕계동,18045,8907,9138,1066,1085,464,427,1621,2197,2838,3332,5015
48720250,경상남도 의령군 의령읍,9004,4517,4487,400,482,245,246,768,772,1324,1681,3086
48720310,경상남도 의령군 가례면,1613,809,804,12,21,17,14,68,64,109,270,1038
48720320,경상남도 의령군 칠곡면,1135,552,583,10,14,8,5,35,63,72,195,733
48720330,경상남도 의령군 대의면,1024,499,525,26,25,9,11,43,51,60,154,645
48720340,경상남도 의령군 화정면,1495,748,747,27,23,18,17,61,68,102,269,910
48720350,경상남도 의령군 용덕면,1447,747,700,23,16,10,12,64,68,107,237,910
48720360,경상남도 의령군 정곡면,1340,656,684,16,28,10,11,49,47,84,209,886
48720370,경상남도 의령군 지정면,1782,901,881,22,20,11,20,71,63,116,277,1182
48720380,경상남도 의령군 낙서면,705,336,369,11,8,4,6,24,21,40,90,501
48720390,경상남도 의령군 부림면,2643,1285,1358,34,61,48,39,140,143,187,478,1513
48720400,경상남도 의령군 봉수면,943,501,442,16,16,8,12,28,56,58,115,634
48720415,경상남도 의령군 궁류면,1081,531,550,3,5,5,7,23,23,46,128,841
48720420,경상남도 의령군 유곡면,1102,538,564,10,8,9,9,23,39,54,165,785
48730250,경상남도 함안군 가야읍,17184,8728,8456,587,937,564,526,1518,1447,2444,3321,5840
48730253,경상남도 함안군 칠원읍,18101,9222,8879,775,1449,852,685,1365,1344,3349,3339,4943
48730310,경상남도 함안군 함안면,2373,1227,1146,38,40,36,32,107,109,188,394,1429
48730320,경상남도 함안군 군북면,5725,2973,2752,158,179,74,71,329,466,499,867,3082
48730330,경상남도 함안군 법수면,2704,1393,1311,30,51,27,16,113,112,219,473,1663
48730340,경상남도 함안군 대산면,3137,1584,1553,26,41,38,38,131,129,206,498,2030
48730350,경상남도 함안군 칠서면,4948,2617,2331,103,221,119,112,331,327,588,1003,2144
48730360,경상남도 함안군 칠북면,1840,971,869,18,15,14,17,68,72,118,286,1232
48730380,경상남도 함안군 산인면,2627,1331,1296,43,39,25,32,150,168,206,466,1498
48730390,경상남도 함안군 여항면,878,464,414,4,9,4,11,31,28,44,142,605
48740250,경상남도 창녕군 창녕읍,15627,7766,7861,670,839,436,393,1211,1431,2109,2745,5793
48740253,경상남도 창녕군 남지읍,11580,5801,5779,432,708,320,237,630,881,1586,2011,4775
48740310,경상남도 창녕군 고암면,1733,859,874,27,35,25,22,79,76,92,276,1101
48740320,경상남도 창녕군 성산면,1526,735,791,21,10,7,7,55,66,88,265,1007
48740330,경상남도 창녕군 대합면,3565,1812,1753,39,66,49,39,166,204,293,645,2064
48740340,경상남도 창녕군 이방면,2309,1108,1201,31,35,129,92,88,91,147,321,1375
48740350,경상남도 창녕군 유어면,1640,815,825,19,19,11,17,72,64,111,241,1086
48740360,경상남도 창녕군 대지면,2311,1204,1107,50,80,62,48,127,136,262,375,1171
48740370,경상남도 창녕군 계성면,2112,1074,1038,23,30,22,15,92,110,159,393,1268
48740380,경상남도 창녕군 영산면,4956,2523,2433,80,119,89,95,302,316,483,931,2541
48740390,경상남도 창녕군 장마면,1765,898,867,13,27,22,10,69,75,127,282,1140
48740400,경상남도 창녕군 도천면,2543,1269,1274,50,45,37,35,130,132,222,472,1420
48740410,경상남도 창녕군 길곡면,1461,736,725,7,21,17,15,52,64,113,231,941
48740420,경상남도 창녕군 부곡면,3441,1712,1729,53,51,40,33,153,180,252,585,2094
48820250,경상남도 고성군 고성읍,22986,11577,11409,734,1464,829,746,1844,1678,3321,4286,8084
48820310,경상남도 고성군 삼산면,1725,894,831,27,37,27,21,61,74,136,269,1073
48820320,경상남도 고성군 하일면,1773,880,893,18,19,40,39,76,64,118,252,1147
48820330,경상남도 고성군 하이면,2581,1339,1242,47,70,54,56,168,132,247,450,1357
48820340,경상남도 고성군 상리면,1576,802,774,5,27,22,19,72,65,115,251,1000
48820350,경상남도 고성군 대가면,1618,831,787,18,20,12,13,62,53,112,249,1079
48820360,경상남도 고성군 영현면,854,404,450,5,10,8,6,35,33,48,105,604
48820370,경상남도 고성군 영오면,1360,680,680,21,25,15,19,72,58,104,223,823
48820380,경상남도 고성군 개천면,1042,528,514,8,28,21,13,33,33,71,139,696
48820390,경상남도 고성군 구만면,973,488,485,11,18,6,9,43,32,53,151,650
48820400,경상남도 고성군 회화면,3438,1725,1713,56,116,91,116,186,195,325,596,1757
48820410,경상남도 고성군 마암면,1670,824,846,13,16,13,12,56,49,134,304,1073
48820420,경상남도 고성군 동해면,3020,1562,1458,20,42,45,46,140,137,239,539,1812
48820430,경상남도 고성군 거류면,4175,2153,2022,61,121,85,83,206,209,452,820,2138
48840250,경상남도 남해군 남해읍,12417,6074,6343,509,656,377,425,1198,997,1629,2180,4446
48840310,경상남도 남해군 이동면,3636,1799,1837,35,123,124,55,142,138,271,564,2184
48840320,경상남도 남해군 상주면,1576,770,806,27,63,29,24,74,72,140,258,889
48840330,경상남도 남해군 삼동면,3687,1794,1893,63,102,50,45,143,162,318,585,2219
48840340,경상남도 남해군 미조면,2078,1077,1001,27,59,41,37,133,92,203,386,1100
48840350,경상남도 남해군 남면,3270,1583,1687,37,64,38,54,142,125,252,550,2008
48840360,경상남도 남해군 서면,2435,1189,1246,24,50,32,21,88,83,178,346,1613
48840370,경상남도 남해군 고현면,3283,1555,1728,50,94,46,40,141,151,246,480,2035
48840380,경상남도 남해군 설천면,2659,1268,1391,32,39,32,25,105,87,153,391,1795
48840390,경상남도 남해군 창선면,5305,2521,2784,61,107,80,52,228,203,415,838,3321
48850250,경상남도 하동군 하동읍,9353,4564,4789,313,431,240,228,763,733,1107,1761,3777
48850310,경상남도 하동군 화개면,2838,1433,1405,32,63,50,53,156,108,249,641,1486
48850320,경상남도 하동군 악양면,3337,1646,1691,47,69,46,50,161,145,244,643,1932
48850330,경상남도 하동군 적량면,1838,911,927,28,47,25,24,92,86,118,301,1117
48850340,경상남도 하동군 횡천면,1775,882,893,34,24,20,21,70,77,118,275,1136
48850350,경상남도 하동군 고전면,1988,985,1003,19,37,26,32,80,85,157,320,1232
48850360,경상남도 하동군 금남면,3211,1642,1569,41,62,49,48,162,141,245,556,1907
48850370,경상남도 하동군 진교면,5603,2791,2812,178,222,115,132,352,302,632,972,2698
48850380,경상남도 하동군 양보면,1618,798,820,17,15,18,20,52,54,88,259,1095
48850390,경상남도 하동군 북천면,1563,767,796,34,26,22,15,73,55,112,261,965
48850400,경상남도 하동군 청암면,1327,698,629,29,48,20,12,47,68,85,230,788
48850410,경상남도 하동군 옥종면,4039,2042,1997,74,119,69,66,165,197,319,723,2307
48850420,경상남도 하동군 금성면,2739,1424,1315,69,63,41,45,202,166,284,522,1347
48860250,경상남도 산청군 산청읍,6610,3235,3375,220,279,196,144,499,512,731,1139,2890
48860310,경상남도 산청군 차황면,1357,679,678,20,27,16,10,37,38,83,221,905
48860320,경상남도 산청군 오부면,1014,503,511,11,25,14,17,34,28,75,148,662
48860330,경상남도 산청군 생초면,1865,908,957,18,37,29,19,72,59,91,274,1266
48860340,경상남도 산청군 금서면,2797,1373,1424,44,61,42,51,137,147,223,494,1598
48860350,경상남도 산청군 삼장면,1781,856,925,20,21,18,26,85,57,106,352,1096
48860360,경상남도 산청군 시천면,3956,1982,1974,39,93,69,94,193,167,324,850,2127
48860370,경상남도 산청군 단성면,5561,2813,2748,94,95,53,53,261,257,424,1064,3260
48860380,경상남도 산청군 신안면,5498,2723,2775,180,222,135,137,396,353,556,1038,2481
48860390,경상남도 산청군 생비량면,1131,558,573,13,20,9,18,35,40,77,162,757
48860400,경상남도 산청군 신등면,1981,994,987,14,30,19,33,103,55,135,336,1256
48870250,경상남도 함양군 함양읍,17249,8369,8880,693,952,552,533,1468,1361,2266,3194,6230
48870310,경상남도 함양군 마천면,2018,989,1029,18,26,23,35,73,66,134,400,1243
48870320,경상남도 함양군 휴천면,1448,723,725,19,18,13,16,35,55,95,247,950
48870330,경상남도 함양군 유림면,1555,745,810,23,26,22,18,52,51,95,227,1041
48870340,경상남도 함양군 수동면,2281,1149,1132,19,69,67,49,130,112,181,363,1291
48870350,경상남도 함양군 지곡면,1975,956,1019,19,39,24,22,82,88,124,345,1232
48870360,경상남도 함양군 안의면,4183,1966,2217,65,96,75,68,180,170,310,686,2533
48870370,경상남도 함양군 서하면,1311,625,686,20,19,14,8,51,49,76,208,866
48870380,경상남도 함양군 서상면,1725,827,898,12,41,22,25,81,71,107,284,1082
48870390,경상남도 함양군 백전면,1528,780,748,17,34,28,15,55,63,94,239,983
48870400,경상남도 함양군 병곡면,1259,632,627,7,24,18,21,69,50,69,256,745
48880250,경상남도 거창군 거창읍,39804,19637,20167,1798,2461,1637,1600,4027,3681,5600,6996,12004
48880310,경상남도 거창군 주상면,1483,745,738,13,22,18,13,58,42,87,242,988
48880320,경상남도 거창군 웅양면,1787,889,898,22,42,25,22,86,46,118,314,1112
48880330,경상남도 거창군 고제면,1359,688,671,14,16,14,15,62,47,80,243,868
48880340,경상남도 거창군 북상면,1533,748,785,21,34,18,15,53,57,98,244,993
48880350,경상남도 거창군 위천면,1911,928,983,20,48,68,57,88,66,124,302,1138
48880360,경상남도 거창군 마리면,1957,951,1006,19,35,28,25,92,85,123,305,1245
48880370,경상남도 거창군 남상면,2293,1123,1170,35,34,18,18,119,121,166,373,1409
48880380,경상남도 거창군 남하면,1428,696,732,23,26,20,13,48,68,94,199,937
48880390,경상남도 거창군 신원면,1518,746,772,19,34,13,7,41,44,89,217,1054
48880400,경상남도 거창군 가조면,3516,1703,1813,51,50,51,48,158,148,247,570,2193
48880410,경상남도 거창군 가북면,1342,663,679,14,17,13,14,38,34,76,227,909
48890250,경상남도 합천군 합천읍,10773,5290,5483,434,571,344,304,989,880,1404,2018,3829
48890310,경상남도 합천군 봉산면,1396,708,688,12,15,13,14,51,47,76,210,958
48890320,경상남도 합천군 묘산면,1437,707,730,10,11,10,12,53,45,71,203,1022
48890330,경상남도 합천군 가야면,3917,1936,1981,41,76,56,50,171,176,286,731,2330
48890340,경상남도 합천군 야로면,2272,1091,1181,36,47,37,34,113,88,192,332,1393
48890350,경상남도 합천군 율곡면,2053,1038,1015,25,26,11,16,87,88,135,305,1360
48890360,경상남도 합천군 초계면,2217,1074,1143,27,50,39,30,129,97,181,362,1302
48890370,경상남도 합천군 쌍책면,1192,574,618,16,13,10,9,22,44,72,146,860
48890380,경상남도 합천군 덕곡면,788,408,380,4,7,4,7,26,21,42,122,555
48890390,경상남도 합천군 청덕면,1502,734,768,17,20,10,5,46,59,101,226,1018
48890400,경상남도 합천군 적중면,1300,614,686,17,15,16,14,62,53,72,181,870
48890410,경상남도 합천군 대양면,1701,868,833,75,65,24,24,76,134,170,261,872
48890420,경상남도 합천군 쌍백면,1631,782,849,14,25,19,13,39,40,80,231,1170
48890430,경상남도 합천군 삼가면,2990,1386,1604,41,55,32,25,145,105,238,476,1873
48890440,경상남도 합천군 가회면,1685,849,836,8,38,31,24,42,45,110,270,1117
48890450,경상남도 합천군 대병면,1858,902,956,11,28,21,22,79,61,91,302,1243
48890460,경상남도 합천군 용주면,2088,1036,1052,20,24,22,19,65,66,137,343,1392
